Title,Year_Released
Ambulance,2022
Blade Runner 2049,2017
Dune,2021
Edge Of Tomorrow,2014
Everest,2015
"Everything, Everywhere, All At Once",2022
Ford v Ferrari,2019
Interstellar,2014
Mad Max: Fury Road,2015
No Time To Die,2021
Ready Player One,2018
Sonic the Hedgehog,2020
Sonic the Hedgehog 2,2022
Soul,2020
Terminator 2: Judgment Day,1991
The Batman,2022
The Matrix,1999
The Matrix Reloaded,2003
The Matrix Resurrections,2021
The Matrix Revolutions,2003
The Secret Life of Pets,2016
Top Gun: Maverick,2022
