The Matrix,1999,tt0133093,movie,https://m.media-amazon.com/images/M/MV5BNzQzOTk3OTAtNDQ0Zi00ZTVkLWI0MTEtMDllZjNkYzNjNTc4L2ltYWdlXkEyXkFqcGdeQXVyNjU0OTQ0OTY@._V1_SX300.jpg,R,1999-03-31,136 min,"Action, Sci-Fi","Lana Wachowski, Lilly Wachowski","Lilly Wachowski, Lana Wachowski","Keanu Reeves, Laurence Fishburne, Carrie-Anne Moss","When a beautiful stranger leads computer hacker Neo to a forbidding underworld, he discovers the shocking truth--the life he knows is the elaborate deception of an evil cyber-intelligence.",English,"United States, Australia",Won 4 Oscars. 42 wins & 52 nominations total,"[{'Source': 'Internet Movie Database', 'Value': '8.7/10'}, {'Source': 'Rotten Tomatoes', 'Value': '88%'}, {'Source': 'Metacritic', 'Value': '73/100'}]",73,8.7,"1,947,879",2007-05-15,"$172,076,928",N/A,N/A
Interstellar,2014,tt0816692,movie,https://m.media-amazon.com/images/M/MV5BZjdkOTU3MDktN2IxOS00OGEyLWFmMjktY2FiMmZkNWIyODZiXkEyXkFqcGdeQXVyMTMxODk2OTU@._V1_SX300.jpg,PG-13,2014-11-07,169 min,"Adventure, Drama, Sci-Fi",Christopher Nolan,"Jonathan Nolan, Christopher Nolan","Matthew McConaughey, Anne Hathaway, Jessica Chastain",A team of explorers travel through a wormhole in space in an attempt to ensure humanity's survival.,English,"United States, United Kingdom, Canada",Won 1 Oscar. 44 wins & 148 nominations total,"[{'Source': 'Internet Movie Database', 'Value': '8.6/10'}, {'Source': 'Rotten Tomatoes', 'Value': '73%'}, {'Source': 'Metacritic', 'Value': '74/100'}]",74,8.6,"1,898,118",2015-03-31,"$188,020,017",N/A,N/A
The Matrix Resurrections,2021,tt10838180,movie,https://m.media-amazon.com/images/M/MV5BMGJkNDJlZWUtOGM1Ny00YjNkLThiM2QtY2ZjMzQxMTIxNWNmXkEyXkFqcGdeQXVyMDM2NDM2MQ@@._V1_SX300.jpg,R,2021-12-22,148 min,"Action, Sci-Fi",Lana Wachowski,"Lana Wachowski, David Mitchell, Aleksandar Hemon","Keanu Reeves, Carrie-Anne Moss, Yahya Abdul-Mateen II","Return to a world of two realities: one, everyday life; the other, what lies behind it. To find out if his reality is a construct, to truly know himself, Mr. Anderson will have to choose to follow the white rabbit once more.","English, French, Spanish, Japanese","United States, Australia",Nominated for 1 BAFTA Award6 wins & 35 nominations total,"[{'Source': 'Internet Movie Database', 'Value': '5.7/10'}, {'Source': 'Rotten Tomatoes', 'Value': '63%'}, {'Source': 'Metacritic', 'Value': '63/100'}]",63,5.7,"259,823",2021-12-22,"$37,686,805",N/A,N/A
Dune,2021,tt1160419,movie,https://m.media-amazon.com/images/M/MV5BN2FjNmEyNWMtYzM0ZS00NjIyLTg5YzYtYThlMGVjNzE1OGViXkEyXkFqcGdeQXVyMTkxNjUyNQ@@._V1_SX300.jpg,PG-13,2021-10-22,155 min,"Action, Adventure, Drama",Denis Villeneuve,"Jon Spaihts, Denis Villeneuve, Eric Roth","Timoth├⌐e Chalamet, Rebecca Ferguson, Zendaya",A noble family becomes embroiled in a war for control over the galaxy's most valuable asset while its heir becomes troubled by visions of a dark future.,"English, Mandarin","United States, Canada",Won 6 Oscars. 170 wins & 281 nominations total,"[{'Source': 'Internet Movie Database', 'Value': '8.0/10'}, {'Source': 'Rotten Tomatoes', 'Value': '83%'}, {'Source': 'Metacritic', 'Value': '74/100'}]",74,8,"665,392",2021-10-22,"$108,327,830",N/A,N/A
Mad Max: Fury Road,2015,tt1392190,movie,https://m.media-amazon.com/images/M/MV5BN2EwM2I5OWMtMGQyMi00Zjg1LWJkNTctZTdjYTA4OGUwZjMyXkEyXkFqcGdeQXVyMTMxODk2OTU@._V1_SX300.jpg,R,2015-05-15,120 min,"Action, Adventure, Sci-Fi",George Miller,"George Miller, Brendan McCarthy, Nick Lathouris","Tom Hardy, Charlize Theron, Nicholas Hoult","In a post-apocalyptic wasteland, a woman rebels against a tyrannical ruler in search for her homeland with the aid of a group of female prisoners, a psychotic worshiper and a drifter named Max.","English, Russian",Australia,Won 6 Oscars. 247 wins & 234 nominations total,"[{'Source': 'Internet Movie Database', 'Value': '8.1/10'}, {'Source': 'Rotten Tomatoes', 'Value': '97%'}, {'Source': 'Metacritic', 'Value': '90/100'}]",90,8.1,"1,026,101",2015-09-01,"$154,109,060",N/A,N/A
Edge of Tomorrow,2014,tt1631867,movie,https://m.media-amazon.com/images/M/MV5BMTc5OTk4MTM3M15BMl5BanBnXkFtZTgwODcxNjg3MDE@._V1_SX300.jpg,PG-13,2014-06-06,113 min,"Action, Adventure, Sci-Fi",Doug Liman,"Christopher McQuarrie, Jez Butterworth, John-Henry Butterworth","Tom Cruise, Emily Blunt, Bill Paxton","A soldier fighting aliens gets to relive the same day over and over again, the day restarting every time he dies.",English,"United States, Canada",11 wins & 38 nominations,"[{'Source': 'Internet Movie Database', 'Value': '7.9/10'}, {'Source': 'Rotten Tomatoes', 'Value': '91%'}, {'Source': 'Metacritic', 'Value': '71/100'}]",71,7.9,"696,962",2014-10-07,"$100,206,256",N/A,N/A
Ready Player One,2018,tt1677720,movie,https://m.media-amazon.com/images/M/MV5BY2JiYTNmZTctYTQ1OC00YjU4LWEwMjYtZjkwY2Y5MDI0OTU3XkEyXkFqcGdeQXVyNTI4MzE4MDU@._V1_SX300.jpg,PG-13,2018-03-29,140 min,"Action, Adventure, Sci-Fi",Steven Spielberg,"Zak Penn, Ernest Cline","Tye Sheridan, Olivia Cooke, Ben Mendelsohn","When the creator of a virtual reality called the OASIS dies, he makes a posthumous challenge to all OASIS users to find his Easter Egg, which will give the finder his fortune and control of his world.",English,"United States, India",Nominated for 1 Oscar. 11 wins & 56 nominations total,"[{'Source': 'Internet Movie Database', 'Value': '7.4/10'}, {'Source': 'Rotten Tomatoes', 'Value': '72%'}, {'Source': 'Metacritic', 'Value': '64/100'}]",64,7.4,"452,315",2018-04-05,"$137,715,350",N/A,N/A
Top Gun: Maverick,2022,tt1745960,movie,https://m.media-amazon.com/images/M/MV5BZWYzOGEwNTgtNWU3NS00ZTQ0LWJkODUtMmVhMjIwMjA1ZmQwXkEyXkFqcGdeQXVyMjkwOTAyMDU@._V1_SX300.jpg,PG-13,2022-05-27,130 min,"Action, Drama",Joseph Kosinski,"Jim Cash, Jack Epps Jr., Peter Craig","Tom Cruise, Jennifer Connelly, Miles Teller","After thirty years, Maverick is still pushing the envelope as a top naval aviator, but must confront ghosts of his past when he leads TOP GUN's elite graduates on a mission that demands the ultimate sacrifice from those chosen to ...",English,United States,Won 1 Oscar. 92 wins & 214 nominations total,"[{'Source': 'Internet Movie Database', 'Value': '8.3/10'}, {'Source': 'Rotten Tomatoes', 'Value': '96%'}, {'Source': 'Metacritic', 'Value': '78/100'}]",78,8.3,"577,834",2022-08-22,"$718,732,821",N/A,N/A
Blade Runner 2049,2017,tt1856101,movie,https://m.media-amazon.com/images/M/MV5BNzA1Njg4NzYxOV5BMl5BanBnXkFtZTgwODk5NjU3MzI@._V1_SX300.jpg,R,2017-10-06,164 min,"Action, Drama, Mystery",Denis Villeneuve,"Hampton Fancher, Michael Green, Philip K. Dick","Harrison Ford, Ryan Gosling, Ana de Armas","Young Blade Runner K's discovery of a long-buried secret leads him to track down former Blade Runner Rick Deckard, who's been missing for thirty years.","English, Finnish, Japanese, Hungarian, Russian, Somali, Spanish","United States, United Kingdom, Canada, Spain",Won 2 Oscars. 100 wins & 165 nominations total,"[{'Source': 'Internet Movie Database', 'Value': '8.0/10'}, {'Source': 'Rotten Tomatoes', 'Value': '88%'}, {'Source': 'Metacritic', 'Value': '81/100'}]",81,8,"599,573",2018-01-16,"$92,071,675",N/A,N/A
The Batman,2022,tt1877830,movie,https://m.media-amazon.com/images/M/MV5BMDdmMTBiNTYtMDIzNi00NGVlLWIzMDYtZTk3MTQ3NGQxZGEwXkEyXkFqcGdeQXVyMzMwOTU5MDk@._V1_SX300.jpg,PG-13,2022-03-04,176 min,"Action, Crime, Drama",Matt Reeves,"Matt Reeves, Peter Craig, Bob Kane","Robert Pattinson, Zo├½ Kravitz, Jeffrey Wright","When a sadistic serial killer begins murdering key political figures in Gotham, Batman is forced to investigate the city's hidden corruption and question his family's involvement.","English, Spanish, Latin, Italian",United States,Nominated for 3 Oscars. 33 wins & 162 nominations total,"[{'Source': 'Internet Movie Database', 'Value': '7.8/10'}, {'Source': 'Rotten Tomatoes', 'Value': '85%'}, {'Source': 'Metacritic', 'Value': '72/100'}]",72,7.8,"692,486",2022-04-19,"$369,345,583",N/A,N/A
Ford v Ferrari,2019,tt1950186,movie,https://m.media-amazon.com/images/M/MV5BM2UwMDVmMDItM2I2Yi00NGZmLTk4ZTUtY2JjNTQ3OGQ5ZjM2XkEyXkFqcGdeQXVyMTA1OTYzOTUx._V1_SX300.jpg,PG-13,2019-11-15,152 min,"Action, Biography, Drama",James Mangold,"Jez Butterworth, John-Henry Butterworth, Jason Keller","Matt Damon, Christian Bale, Jon Bernthal",American car designer Carroll Shelby and driver Ken Miles battle corporate interference and the laws of physics to build a revolutionary race car for Ford in order to defeat Ferrari at the 24 Hours of Le Mans in 1966.,"English, Italian, French, Japanese",United States,Won 2 Oscars. 25 wins & 90 nominations total,"[{'Source': 'Internet Movie Database', 'Value': '8.1/10'}, {'Source': 'Rotten Tomatoes', 'Value': '92%'}, {'Source': 'Metacritic', 'Value': '81/100'}]",81,8.1,"414,884",2019-11-15,"$117,624,357",N/A,N/A
No Time to Die,2021,tt2382320,movie,https://m.media-amazon.com/images/M/MV5BYWQ2NzQ1NjktMzNkNS00MGY1LTgwMmMtYTllYTI5YzNmMmE0XkEyXkFqcGdeQXVyMjM4NTM5NDY@._V1_SX300.jpg,PG-13,2021-10-08,163 min,"Action, Adventure, Thriller",Cary Joji Fukunaga,"Neal Purvis, Robert Wade, Cary Joji Fukunaga","Daniel Craig, Ana de Armas, Rami Malek","James Bond has left active service. His peace is short-lived when Felix Leiter, an old friend from the CIA, turns up asking for help, leading Bond onto the trail of a mysterious villain armed with dangerous new technology.","English, French, Italian, Russian, Spanish, German","United Kingdom, United States",Won 1 Oscar. 41 wins & 76 nominations total,"[{'Source': 'Internet Movie Database', 'Value': '7.3/10'}, {'Source': 'Rotten Tomatoes', 'Value': '83%'}, {'Source': 'Metacritic', 'Value': '68/100'}]",68,7.3,"415,836",2021-11-09,"$160,891,007",N/A,N/A
The Secret Life of Pets,2016,tt2709768,movie,https://m.media-amazon.com/images/M/MV5BMjIzMzA1OTkzNV5BMl5BanBnXkFtZTgwODE3MjM4NzE@._V1_SX300.jpg,PG,2016-07-08,87 min,"Animation, Adventure, Comedy",Chris Renaud,"Cinco Paul, Ken Daurio, Brian Lynch","Louis C.K., Eric Stonestreet, Kevin Hart","The quiet life of a terrier named Max is upended when his owner takes in Duke, a stray whom Max instantly dislikes.",English,"United States, Japan, France",4 wins & 15 nominations,"[{'Source': 'Internet Movie Database', 'Value': '6.5/10'}, {'Source': 'Rotten Tomatoes', 'Value': '71%'}, {'Source': 'Metacritic', 'Value': '61/100'}]",61,6.5,"207,856",2016-12-06,"$368,384,330",N/A,N/A
Ambulance,2022,tt4998632,movie,https://m.media-amazon.com/images/M/MV5BYjUyN2VlZGEtNGEyZC00YjViLTgwYmQtZDJiM2FlOTU3Mjg2XkEyXkFqcGdeQXVyMjMxOTE0ODA@._V1_SX300.jpg,R,2022-04-08,136 min,"Action, Crime, Drama",Michael Bay,"Chris Fedak, Laurits Munch-Petersen, Lars Andreas Pedersen","Jake Gyllenhaal, Yahya Abdul-Mateen II, Eiza Gonz├ílez",Two robbers steal an ambulance after their heist goes awry.,"English, Spanish","United States, Japan",10 nominations,"[{'Source': 'Internet Movie Database', 'Value': '6.1/10'}, {'Source': 'Rotten Tomatoes', 'Value': '68%'}, {'Source': 'Metacritic', 'Value': '55/100'}]",55,6.1,"81,221",2022-05-24,"$22,781,115",N/A,N/A
Everything Everywhere All at Once,2022,tt6710474,movie,https://m.media-amazon.com/images/M/MV5BYTdiOTIyZTQtNmQ1OS00NjZlLWIyMTgtYzk5Y2M3ZDVmMDk1XkEyXkFqcGdeQXVyMTAzMDg4NzU0._V1_SX300.jpg,R,2022-04-08,139 min,"Action, Adventure, Comedy","Daniel Kwan, Daniel Scheinert","Daniel Kwan, Daniel Scheinert","Michelle Yeoh, Stephanie Hsu, Jamie Lee Curtis",A middle-aged Chinese immigrant is swept up into an insane adventure in which she alone can save existence by exploring other universes and connecting with the lives she could have led.,"English, Mandarin, Cantonese",United States,Won 7 Oscars. 370 wins & 347 nominations total,"[{'Source': 'Internet Movie Database', 'Value': '7.9/10'}, {'Source': 'Rotten Tomatoes', 'Value': '94%'}, {'Source': 'Metacritic', 'Value': '81/100'}]",81,7.9,"428,822",2022-06-07,"$77,169,469",N/A,N/A
