Title|Year|Rated|Released|Runtime|Genre|Director|Writer|Actors|Plot|Language|Country|Awards|Poster|Ratings|Metascore|imdbRating|imdbVotes|InternetMovieDatabase|RottenTomatoes|Metacritic|imdbID|Type|DVD|BoxOffice|Production|Website
Ambulance|2022|R|08 Apr 2022|136 min|Action, Crime, Drama|Michael Bay|Chris Fedak, Laurits Munch-Petersen, Lars Andreas Pedersen|Jake Gyllenhaal, Yahya Abdul-Mateen II, Eiza González|Two robbers steal an ambulance after their heist goes awry.|English, Spanish|United States, Japan|10 nominations|https://m.media-amazon.com/images/M/MV5BYjUyN2VlZGEtNGEyZC00YjViLTgwYmQtZDJiM2FlOTU3Mjg2XkEyXkFqcGdeQXVyMjMxOTE0ODA@._V1_SX300.jpg|[{'Source': 'Internet Movie Database', 'Value': '6.1/10'}, {'Source': 'Rotten Tomatoes', 'Value': '68%'}, {'Source': 'Metacritic', 'Value': '55/100'}]|55|6.1|81,221|6.1/10|68%|55/100|tt4998632|movie|24 May 2022|$22,781,115|N/A|N/A
Blade Runner 2049|2017|R|06 Oct 2017|164 min|Action, Drama, Mystery|Denis Villeneuve|Hampton Fancher, Michael Green, Philip K. Dick|Harrison Ford, Ryan Gosling, Ana de Armas|Young Blade Runner K's discovery of a long-buried secret leads him to track down former Blade Runner Rick Deckard, who's been missing for thirty years.|English, Finnish, Japanese, Hungarian, Russian, Somali, Spanish|United States, United Kingdom, Canada, Spain|Won 2 Oscars. 100 wins & 165 nominations total|https://m.media-amazon.com/images/M/MV5BNzA1Njg4NzYxOV5BMl5BanBnXkFtZTgwODk5NjU3MzI@._V1_SX300.jpg|[{'Source': 'Internet Movie Database', 'Value': '8.0/10'}, {'Source': 'Rotten Tomatoes', 'Value': '88%'}, {'Source': 'Metacritic', 'Value': '81/100'}]|81|8.0|599,573|8.0/10|88%|81/100|tt1856101|movie|16 Jan 2018|$92,071,675|N/A|N/A
Dune|2021|PG-13|22 Oct 2021|155 min|Action, Adventure, Drama|Denis Villeneuve|Jon Spaihts, Denis Villeneuve, Eric Roth|Timothée Chalamet, Rebecca Ferguson, Zendaya|A noble family becomes embroiled in a war for control over the galaxy's most valuable asset while its heir becomes troubled by visions of a dark future.|English, Mandarin|United States, Canada|Won 6 Oscars. 170 wins & 281 nominations total|https://m.media-amazon.com/images/M/MV5BN2FjNmEyNWMtYzM0ZS00NjIyLTg5YzYtYThlMGVjNzE1OGViXkEyXkFqcGdeQXVyMTkxNjUyNQ@@._V1_SX300.jpg|[{'Source': 'Internet Movie Database', 'Value': '8.0/10'}, {'Source': 'Rotten Tomatoes', 'Value': '83%'}, {'Source': 'Metacritic', 'Value': '74/100'}]|74|8.0|665,392|8.0/10|83%|74/100|tt1160419|movie|22 Oct 2021|$108,327,830|N/A|N/A
Edge of Tomorrow|2014|PG-13|06 Jun 2014|113 min|Action, Adventure, Sci-Fi|Doug Liman|Christopher McQuarrie, Jez Butterworth, John-Henry Butterworth|Tom Cruise, Emily Blunt, Bill Paxton|A soldier fighting aliens gets to relive the same day over and over again, the day restarting every time he dies.|English|United States, Canada|11 wins & 38 nominations|https://m.media-amazon.com/images/M/MV5BMTc5OTk4MTM3M15BMl5BanBnXkFtZTgwODcxNjg3MDE@._V1_SX300.jpg|[{'Source': 'Internet Movie Database', 'Value': '7.9/10'}, {'Source': 'Rotten Tomatoes', 'Value': '91%'}, {'Source': 'Metacritic', 'Value': '71/100'}]|71|7.9|696,962|7.9/10|91%|71/100|tt1631867|movie|07 Oct 2014|$100,206,256|N/A|N/A
Everest|2015|PG-13|25 Sep 2015|121 min|Action, Adventure, Biography|Baltasar Kormákur|William Nicholson, Simon Beaufoy|Jason Clarke, Ang Phula Sherpa, Thomas M. Wright|The story of New Zealand mountaineer Rob Hall, who on May 10, 1996, together with Scott Fischer, teamed up on a joint expedition to ascend Mount Everest.|English, Russian|United Kingdom, United States, Iceland|1 win & 9 nominations|https://m.media-amazon.com/images/M/MV5BMTNmMzM0ZTktZWY3Yy00ODViLTllZDgtODcwM2QyM2E2YTU2L2ltYWdlXkEyXkFqcGdeQXVyNjU0OTQ0OTY@._V1_SX300.jpg|[{'Source': 'Internet Movie Database', 'Value': '7.1/10'}, {'Source': 'Rotten Tomatoes', 'Value': '73%'}, {'Source': 'Metacritic', 'Value': '64/100'}]|64|7.1|223,452|7.1/10|73%|64/100|tt2719848|movie|19 Jan 2016|$43,482,270|N/A|N/A
Everything Everywhere All at Once|2022|R|08 Apr 2022|139 min|Action, Adventure, Comedy|Daniel Kwan, Daniel Scheinert|Daniel Kwan, Daniel Scheinert|Michelle Yeoh, Stephanie Hsu, Jamie Lee Curtis|A middle-aged Chinese immigrant is swept up into an insane adventure in which she alone can save existence by exploring other universes and connecting with the lives she could have led.|English, Mandarin, Cantonese|United States|Won 7 Oscars. 370 wins & 347 nominations total|https://m.media-amazon.com/images/M/MV5BYTdiOTIyZTQtNmQ1OS00NjZlLWIyMTgtYzk5Y2M3ZDVmMDk1XkEyXkFqcGdeQXVyMTAzMDg4NzU0._V1_SX300.jpg|[{'Source': 'Internet Movie Database', 'Value': '7.9/10'}, {'Source': 'Rotten Tomatoes', 'Value': '94%'}, {'Source': 'Metacritic', 'Value': '81/100'}]|81|7.9|428,822|7.9/10|94%|81/100|tt6710474|movie|07 Jun 2022|$77,169,469|N/A|N/A
Ford v Ferrari|2019|PG-13|15 Nov 2019|152 min|Action, Biography, Drama|James Mangold|Jez Butterworth, John-Henry Butterworth, Jason Keller|Matt Damon, Christian Bale, Jon Bernthal|American car designer Carroll Shelby and driver Ken Miles battle corporate interference and the laws of physics to build a revolutionary race car for Ford in order to defeat Ferrari at the 24 Hours of Le Mans in 1966.|English, Italian, French, Japanese|United States|Won 2 Oscars. 25 wins & 90 nominations total|https://m.media-amazon.com/images/M/MV5BM2UwMDVmMDItM2I2Yi00NGZmLTk4ZTUtY2JjNTQ3OGQ5ZjM2XkEyXkFqcGdeQXVyMTA1OTYzOTUx._V1_SX300.jpg|[{'Source': 'Internet Movie Database', 'Value': '8.1/10'}, {'Source': 'Rotten Tomatoes', 'Value': '92%'}, {'Source': 'Metacritic', 'Value': '81/100'}]|81|8.1|414,884|8.1/10|92%|81/100|tt1950186|movie|15 Nov 2019|$117,624,357|N/A|N/A
Interstellar|2014|PG-13|07 Nov 2014|169 min|Adventure, Drama, Sci-Fi|Christopher Nolan|Jonathan Nolan, Christopher Nolan|Matthew McConaughey, Anne Hathaway, Jessica Chastain|A team of explorers travel through a wormhole in space in an attempt to ensure humanity's survival.|English|United States, United Kingdom, Canada|Won 1 Oscar. 44 wins & 148 nominations total|https://m.media-amazon.com/images/M/MV5BZjdkOTU3MDktN2IxOS00OGEyLWFmMjktY2FiMmZkNWIyODZiXkEyXkFqcGdeQXVyMTMxODk2OTU@._V1_SX300.jpg|[{'Source': 'Internet Movie Database', 'Value': '8.6/10'}, {'Source': 'Rotten Tomatoes', 'Value': '73%'}, {'Source': 'Metacritic', 'Value': '74/100'}]|74|8.6|1,898,118|8.6/10|73%|74/100|tt0816692|movie|31 Mar 2015|$188,020,017|N/A|N/A
Mad Max: Fury Road|2015|R|15 May 2015|120 min|Action, Adventure, Sci-Fi|George Miller|George Miller, Brendan McCarthy, Nick Lathouris|Tom Hardy, Charlize Theron, Nicholas Hoult|In a post-apocalyptic wasteland, a woman rebels against a tyrannical ruler in search for her homeland with the aid of a group of female prisoners, a psychotic worshiper and a drifter named Max.|English, Russian|Australia|Won 6 Oscars. 247 wins & 234 nominations total|https://m.media-amazon.com/images/M/MV5BN2EwM2I5OWMtMGQyMi00Zjg1LWJkNTctZTdjYTA4OGUwZjMyXkEyXkFqcGdeQXVyMTMxODk2OTU@._V1_SX300.jpg|[{'Source': 'Internet Movie Database', 'Value': '8.1/10'}, {'Source': 'Rotten Tomatoes', 'Value': '97%'}, {'Source': 'Metacritic', 'Value': '90/100'}]|90|8.1|1,026,101|8.1/10|97%|90/100|tt1392190|movie|01 Sep 2015|$154,109,060|N/A|N/A
No Time to Die|2021|PG-13|08 Oct 2021|163 min|Action, Adventure, Thriller|Cary Joji Fukunaga|Neal Purvis, Robert Wade, Cary Joji Fukunaga|Daniel Craig, Ana de Armas, Rami Malek|James Bond has left active service. His peace is short-lived when Felix Leiter, an old friend from the CIA, turns up asking for help, leading Bond onto the trail of a mysterious villain armed with dangerous new technology.|English, French, Italian, Russian, Spanish, German|United Kingdom, United States|Won 1 Oscar. 41 wins & 76 nominations total|https://m.media-amazon.com/images/M/MV5BYWQ2NzQ1NjktMzNkNS00MGY1LTgwMmMtYTllYTI5YzNmMmE0XkEyXkFqcGdeQXVyMjM4NTM5NDY@._V1_SX300.jpg|[{'Source': 'Internet Movie Database', 'Value': '7.3/10'}, {'Source': 'Rotten Tomatoes', 'Value': '83%'}, {'Source': 'Metacritic', 'Value': '68/100'}]|68|7.3|415,836|7.3/10|83%|68/100|tt2382320|movie|09 Nov 2021|$160,891,007|N/A|N/A
Ready Player One|2018|PG-13|29 Mar 2018|140 min|Action, Adventure, Sci-Fi|Steven Spielberg|Zak Penn, Ernest Cline|Tye Sheridan, Olivia Cooke, Ben Mendelsohn|When the creator of a virtual reality called the OASIS dies, he makes a posthumous challenge to all OASIS users to find his Easter Egg, which will give the finder his fortune and control of his world.|English|United States, India|Nominated for 1 Oscar. 11 wins & 56 nominations total|https://m.media-amazon.com/images/M/MV5BY2JiYTNmZTctYTQ1OC00YjU4LWEwMjYtZjkwY2Y5MDI0OTU3XkEyXkFqcGdeQXVyNTI4MzE4MDU@._V1_SX300.jpg|[{'Source': 'Internet Movie Database', 'Value': '7.4/10'}, {'Source': 'Rotten Tomatoes', 'Value': '72%'}, {'Source': 'Metacritic', 'Value': '64/100'}]|64|7.4|452,315|7.4/10|72%|64/100|tt1677720|movie|05 Apr 2018|$137,715,350|N/A|N/A
Sonic the Hedgehog|2020|PG|14 Feb 2020|99 min|Action, Adventure, Comedy|Jeff Fowler|Pat Casey, Josh Miller|Ben Schwartz, James Marsden, Jim Carrey|After discovering a small, blue, fast hedgehog, a small-town police officer must help him defeat an evil genius who wants to do experiments on him.|English, French, Persian|United States, Japan, Canada|3 wins & 12 nominations|https://m.media-amazon.com/images/M/MV5BNTdmNmI4MzQtZTAzNS00MjhjLWEzOGQtZjI1NDNjZjk4N2JjXkEyXkFqcGdeQXVyMTM0NTUzNDIy._V1_SX300.jpg|[{'Source': 'Internet Movie Database', 'Value': '6.5/10'}, {'Source': 'Rotten Tomatoes', 'Value': '64%'}, {'Source': 'Metacritic', 'Value': '47/100'}]|47|6.5|146,408|6.5/10|64%|47/100|tt3794354|movie|31 Mar 2020|$148,974,665|N/A|N/A
Sonic the Hedgehog 2|2022|PG|08 Apr 2022|122 min|Action, Adventure, Comedy|Jeff Fowler|Pat Casey, Josh Miller, John Whittington|James Marsden, Jim Carrey, Ben Schwartz|When the manic Dr Robotnik returns to Earth with a new ally, Knuckles the Echidna, Sonic and his new friend Tails is all that stands in their way.|English, Russian, French, Latin, Hawaiian, Greek|United States, Japan|2 wins & 3 nominations|https://m.media-amazon.com/images/M/MV5BODRlNTY5ZjktZjE0Ni00YjZhLTk3NTItYzk0ZjYxN2QxMWEzXkEyXkFqcGdeQXVyMjMwNDgzNjc@._V1_SX300.jpg|[{'Source': 'Internet Movie Database', 'Value': '6.5/10'}, {'Source': 'Rotten Tomatoes', 'Value': '69%'}, {'Source': 'Metacritic', 'Value': '47/100'}]|47|6.5|73,445|6.5/10|69%|47/100|tt12412888|movie|24 May 2022|$190,872,904|N/A|N/A
Soul|2020|PG|29 Nov 2020|100 min|Animation, Adventure, Comedy|Pete Docter, Kemp Powers|Pete Docter, Mike Jones, Kemp Powers|Jamie Foxx, Tina Fey, Graham Norton|After landing the gig of a lifetime, a New York jazz pianist suddenly finds himself trapped in a strange land between Earth and the afterlife.|English, Korean, Inuktitut|United States, Japan|Won 2 Oscars. 124 wins & 93 nominations total|https://m.media-amazon.com/images/M/MV5BZGE1MDg5M2MtNTkyZS00MTY5LTg1YzUtZTlhZmM1Y2EwNmFmXkEyXkFqcGdeQXVyNjA3OTI0MDc@._V1_SX300.jpg|[{'Source': 'Internet Movie Database', 'Value': '8.0/10'}, {'Source': 'Rotten Tomatoes', 'Value': '95%'}, {'Source': 'Metacritic', 'Value': '83/100'}]|83|8.0|342,758|8.0/10|95%|83/100|tt2948372|movie|25 Dec 2020|N/A|N/A|N/A
Terminator 2: Judgment Day|1991|R|03 Jul 1991|137 min|Action, Sci-Fi|James Cameron|James Cameron, William Wisher|Arnold Schwarzenegger, Linda Hamilton, Edward Furlong|A cyborg, identical to the one who failed to kill Sarah Connor, must now protect her 10-year old son John from an even more advanced and powerful cyborg.|English, Spanish|United States|Won 4 Oscars. 37 wins & 33 nominations total|https://m.media-amazon.com/images/M/MV5BMGU2NzRmZjUtOGUxYS00ZjdjLWEwZWItY2NlM2JhNjkxNTFmXkEyXkFqcGdeQXVyNjU0OTQ0OTY@._V1_SX300.jpg|[{'Source': 'Internet Movie Database', 'Value': '8.6/10'}, {'Source': 'Rotten Tomatoes', 'Value': '92%'}, {'Source': 'Metacritic', 'Value': '75/100'}]|75|8.6|1,119,363|8.6/10|92%|75/100|tt0103064|movie|13 Feb 2007|$205,881,154|N/A|N/A
The Batman|2022|PG-13|04 Mar 2022|176 min|Action, Crime, Drama|Matt Reeves|Matt Reeves, Peter Craig, Bob Kane|Robert Pattinson, Zoë Kravitz, Jeffrey Wright|When a sadistic serial killer begins murdering key political figures in Gotham, Batman is forced to investigate the city's hidden corruption and question his family's involvement.|English, Spanish, Latin, Italian|United States|Nominated for 3 Oscars. 33 wins & 162 nominations total|https://m.media-amazon.com/images/M/MV5BMDdmMTBiNTYtMDIzNi00NGVlLWIzMDYtZTk3MTQ3NGQxZGEwXkEyXkFqcGdeQXVyMzMwOTU5MDk@._V1_SX300.jpg|[{'Source': 'Internet Movie Database', 'Value': '7.8/10'}, {'Source': 'Rotten Tomatoes', 'Value': '85%'}, {'Source': 'Metacritic', 'Value': '72/100'}]|72|7.8|692,486|7.8/10|85%|72/100|tt1877830|movie|19 Apr 2022|$369,345,583|N/A|N/A
The Matrix|1999|R|31 Mar 1999|136 min|Action, Sci-Fi|Lana Wachowski, Lilly Wachowski|Lilly Wachowski, Lana Wachowski|Keanu Reeves, Laurence Fishburne, Carrie-Anne Moss|When a beautiful stranger leads computer hacker Neo to a forbidding underworld, he discovers the shocking truth--the life he knows is the elaborate deception of an evil cyber-intelligence.|English|United States, Australia|Won 4 Oscars. 42 wins & 52 nominations total|https://m.media-amazon.com/images/M/MV5BNzQzOTk3OTAtNDQ0Zi00ZTVkLWI0MTEtMDllZjNkYzNjNTc4L2ltYWdlXkEyXkFqcGdeQXVyNjU0OTQ0OTY@._V1_SX300.jpg|[{'Source': 'Internet Movie Database', 'Value': '8.7/10'}, {'Source': 'Rotten Tomatoes', 'Value': '88%'}, {'Source': 'Metacritic', 'Value': '73/100'}]|73|8.7|1,947,879|8.7/10|88%|73/100|tt0133093|movie|15 May 2007|$172,076,928|N/A|N/A
The Matrix Reloaded|2003|R|15 May 2003|138 min|Action, Sci-Fi|Lana Wachowski, Lilly Wachowski|Lilly Wachowski, Lana Wachowski|Keanu Reeves, Laurence Fishburne, Carrie-Anne Moss|Freedom fighters Neo, Trinity and Morpheus continue to lead the revolt against the Machine Army, unleashing their arsenal of extraordinary skills and weaponry against the systematic forces of repression and exploitation.|English, French|United States|8 wins & 34 nominations|https://m.media-amazon.com/images/M/MV5BODE0MzZhZTgtYzkwYi00YmI5LThlZWYtOWRmNWE5ODk0NzMxXkEyXkFqcGdeQXVyNjU0OTQ0OTY@._V1_SX300.jpg|[{'Source': 'Internet Movie Database', 'Value': '7.2/10'}, {'Source': 'Rotten Tomatoes', 'Value': '73%'}, {'Source': 'Metacritic', 'Value': '62/100'}]|62|7.2|606,961|7.2/10|73%|62/100|tt0234215|movie|14 Oct 2003|$281,576,461|N/A|N/A
The Matrix Resurrections|2021|R|22 Dec 2021|148 min|Action, Sci-Fi|Lana Wachowski|Lana Wachowski, David Mitchell, Aleksandar Hemon|Keanu Reeves, Carrie-Anne Moss, Yahya Abdul-Mateen II|Return to a world of two realities: one, everyday life; the other, what lies behind it. To find out if his reality is a construct, to truly know himself, Mr. Anderson will have to choose to follow the white rabbit once more.|English, French, Spanish, Japanese|United States, Australia|Nominated for 1 BAFTA Award6 wins & 35 nominations total|https://m.media-amazon.com/images/M/MV5BMGJkNDJlZWUtOGM1Ny00YjNkLThiM2QtY2ZjMzQxMTIxNWNmXkEyXkFqcGdeQXVyMDM2NDM2MQ@@._V1_SX300.jpg|[{'Source': 'Internet Movie Database', 'Value': '5.7/10'}, {'Source': 'Rotten Tomatoes', 'Value': '63%'}, {'Source': 'Metacritic', 'Value': '63/100'}]|63|5.7|259,823|5.7/10|63%|63/100|tt10838180|movie|22 Dec 2021|$37,686,805|N/A|N/A
The Matrix Revolutions|2003|R|05 Nov 2003|129 min|Action, Sci-Fi|Lana Wachowski, Lilly Wachowski|Lilly Wachowski, Lana Wachowski|Keanu Reeves, Laurence Fishburne, Carrie-Anne Moss|The human city of Zion defends itself against the massive invasion of the machines as Neo fights to end the war at another front while also opposing the rogue Agent Smith.|Sanskrit, English, French|United States, Australia|5 wins & 36 nominations|https://m.media-amazon.com/images/M/MV5BNzNlZTZjMDctZjYwNi00NzljLWIwN2QtZWZmYmJiYzQ0MTk2XkEyXkFqcGdeQXVyNTAyODkwOQ@@._V1_SX300.jpg|[{'Source': 'Internet Movie Database', 'Value': '6.7/10'}, {'Source': 'Rotten Tomatoes', 'Value': '34%'}, {'Source': 'Metacritic', 'Value': '47/100'}]|47|6.7|524,536|6.7/10|34%|47/100|tt0242653|movie|06 Apr 2004|$139,313,948|N/A|N/A
The Secret Life of Pets|2016|PG|08 Jul 2016|87 min|Animation, Adventure, Comedy|Chris Renaud|Cinco Paul, Ken Daurio, Brian Lynch|Louis C.K., Eric Stonestreet, Kevin Hart|The quiet life of a terrier named Max is upended when his owner takes in Duke, a stray whom Max instantly dislikes.|English|United States, Japan, France|4 wins & 15 nominations|https://m.media-amazon.com/images/M/MV5BMjIzMzA1OTkzNV5BMl5BanBnXkFtZTgwODE3MjM4NzE@._V1_SX300.jpg|[{'Source': 'Internet Movie Database', 'Value': '6.5/10'}, {'Source': 'Rotten Tomatoes', 'Value': '71%'}, {'Source': 'Metacritic', 'Value': '61/100'}]|61|6.5|207,856|6.5/10|71%|61/100|tt2709768|movie|06 Dec 2016|$368,384,330|N/A|N/A
Top Gun: Maverick|2022|PG-13|27 May 2022|130 min|Action, Drama|Joseph Kosinski|Jim Cash, Jack Epps Jr., Peter Craig|Tom Cruise, Jennifer Connelly, Miles Teller|After thirty years, Maverick is still pushing the envelope as a top naval aviator, but must confront ghosts of his past when he leads TOP GUN's elite graduates on a mission that demands the ultimate sacrifice from those chosen to ...|English|United States|Won 1 Oscar. 92 wins & 214 nominations total|https://m.media-amazon.com/images/M/MV5BZWYzOGEwNTgtNWU3NS00ZTQ0LWJkODUtMmVhMjIwMjA1ZmQwXkEyXkFqcGdeQXVyMjkwOTAyMDU@._V1_SX300.jpg|[{'Source': 'Internet Movie Database', 'Value': '8.3/10'}, {'Source': 'Rotten Tomatoes', 'Value': '96%'}, {'Source': 'Metacritic', 'Value': '78/100'}]|78|8.3|577,834|8.3/10|96%|78/100|tt1745960|movie|22 Aug 2022|$718,732,821|N/A|N/A
Twister|1996|PG-13|10 May 1996|113 min|Action, Adventure, Thriller|Jan de Bont|Michael Crichton, Anne-Marie Martin|Helen Hunt, Bill Paxton, Cary Elwes|Bill and Jo Harding, advanced storm chasers on the brink of divorce, must join together to create an advanced weather alert system by putting themselves in the cross-hairs of extremely violent tornadoes.|English|United States|Nominated for 2 Oscars. 11 wins & 17 nominations total|https://m.media-amazon.com/images/M/MV5BODExYTM0MzEtZGY2Yy00N2ExLTkwZjItNGYzYTRmMWZlOGEzXkEyXkFqcGdeQXVyNDk3NzU2MTQ@._V1_SX300.jpg|[{'Source': 'Internet Movie Database', 'Value': '6.4/10'}, {'Source': 'Rotten Tomatoes', 'Value': '63%'}, {'Source': 'Metacritic', 'Value': '68/100'}]|68|6.4|201,813|6.4/10|63%|68/100|tt0117998|movie|24 Nov 1998|$241,830,615|N/A|N/A
Cars|2006|G|09 Jun 2006|117 min|Animation, Adventure, Comedy|John Lasseter, Joe Ranft|John Lasseter, Joe Ranft, Jorgen Klubien|Owen Wilson, Bonnie Hunt, Paul Newman|On the way to the biggest race of his life, a hotshot rookie race car gets stranded in a rundown town, and learns that winning isn't everything in life.|English, Italian, Japanese, Yiddish|United States|Nominated for 2 Oscars. 28 wins & 34 nominations total|https://m.media-amazon.com/images/M/MV5BMTg5NzY0MzA2MV5BMl5BanBnXkFtZTYwNDc3NTc2._V1_SX300.jpg|[{'Source': 'Internet Movie Database', 'Value': '7.2/10'}, {'Source': 'Rotten Tomatoes', 'Value': '75%'}, {'Source': 'Metacritic', 'Value': '73/100'}]|73|7.2|437,026|7.2/10|75%|73/100|tt0317219|movie|07 Nov 2006|$244,082,982|N/A|N/A
Minions|2015|PG|10 Jul 2015|91 min|Animation, Adventure, Comedy|Kyle Balda, Pierre Coffin|Brian Lynch|Sandra Bullock, Jon Hamm, Michael Keaton|Minions Stuart, Kevin, and Bob are recruited by Scarlet Overkill, a supervillain who, alongside her inventor husband Herb, hatches a plot to take over the world.|English, Spanish|United States, France|Nominated for 1 BAFTA Award4 wins & 29 nominations total|https://m.media-amazon.com/images/M/MV5BMTUwNjcxNzAwOF5BMl5BanBnXkFtZTgwNzEzMzIzNDE@._V1_SX300.jpg|[{'Source': 'Internet Movie Database', 'Value': '6.4/10'}, {'Source': 'Rotten Tomatoes', 'Value': '55%'}, {'Source': 'Metacritic', 'Value': '56/100'}]|56|6.4|246,232|6.4/10|55%|56/100|tt2293640|movie|08 Dec 2015|$336,045,770|N/A|N/A
Panic Room|2002|R|29 Mar 2002|112 min|Crime, Drama, Thriller|David Fincher|David Koepp|Jodie Foster, Kristen Stewart, Forest Whitaker|A divorced woman and her diabetic daughter take refuge in their newly-purchased house's safe room when three men break-in, searching for a missing fortune.|English|United States|1 win & 9 nominations|https://m.media-amazon.com/images/M/MV5BNmY4ZGFjYTYtMDNmYi00ZDM4LWFjYTgtNmNlZjBmMzg0MzQ3XkEyXkFqcGdeQXVyNDk3NzU2MTQ@._V1_SX300.jpg|[{'Source': 'Internet Movie Database', 'Value': '6.8/10'}, {'Source': 'Rotten Tomatoes', 'Value': '76%'}, {'Source': 'Metacritic', 'Value': '65/100'}]|65|6.8|285,896|6.8/10|76%|65/100|tt0258000|movie|30 Mar 2004|$96,397,334|N/A|N/A
Where the Wild Things Are|2009|PG|16 Oct 2009|101 min|Adventure, Drama, Family|Spike Jonze|Spike Jonze, Dave Eggers, Maurice Sendak|Max Records, Catherine O'Hara, Forest Whitaker|Yearning for escape and adventure, a young boy runs away from home and sails to an island filled with creatures that take him in as their king.|English|Germany, United States, Australia|7 wins & 54 nominations|https://m.media-amazon.com/images/M/MV5BNzQ1NzAwODEwM15BMl5BanBnXkFtZTcwNTE4MjI4Mg@@._V1_SX300.jpg|[{'Source': 'Internet Movie Database', 'Value': '6.7/10'}, {'Source': 'Rotten Tomatoes', 'Value': '73%'}, {'Source': 'Metacritic', 'Value': '71/100'}]|71|6.7|106,568|6.7/10|73%|71/100|tt0386117|movie|02 Mar 2010|$77,233,467|N/A|N/A
Gravity|2013|PG-13|04 Oct 2013|91 min|Drama, Sci-Fi, Thriller|Alfonso Cuarón|Alfonso Cuarón, Jonás Cuarón|Sandra Bullock, George Clooney, Ed Harris|Two astronauts work together to survive after an accident leaves them stranded in space.|English, Greenlandic|United Kingdom, United States|Won 7 Oscars. 240 wins & 187 nominations total|https://m.media-amazon.com/images/M/MV5BNjE5MzYwMzYxMF5BMl5BanBnXkFtZTcwOTk4MTk0OQ@@._V1_SX300.jpg|[{'Source': 'Internet Movie Database', 'Value': '7.7/10'}, {'Source': 'Rotten Tomatoes', 'Value': '96%'}, {'Source': 'Metacritic', 'Value': '96/100'}]|96|7.7|839,057|7.7/10|96%|96/100|tt1454468|movie|25 Feb 2014|$274,092,705|N/A|N/A
Iron Man 3|2013|PG-13|03 May 2013|130 min|Action, Adventure, Sci-Fi|Shane Black|Drew Pearce, Shane Black, Stan Lee|Robert Downey Jr., Guy Pearce, Gwyneth Paltrow|When Tony Stark's world is torn apart by a formidable terrorist called the Mandarin, he starts an odyssey of rebuilding and retribution.|English|United States|Nominated for 1 Oscar. 20 wins & 63 nominations total|https://m.media-amazon.com/images/M/MV5BMjE5MzcyNjk1M15BMl5BanBnXkFtZTcwMjQ4MjcxOQ@@._V1_SX300.jpg|[{'Source': 'Internet Movie Database', 'Value': '7.1/10'}, {'Source': 'Rotten Tomatoes', 'Value': '79%'}, {'Source': 'Metacritic', 'Value': '62/100'}]|62|7.1|866,350|7.1/10|79%|62/100|tt1300854|movie|24 Sep 2013|$409,013,994|N/A|N/A
The Secret Life of Pets 2|2019|PG|07 Jun 2019|86 min|Animation, Adventure, Comedy|Chris Renaud, Jonathan del Val|Brian Lynch, Ken Daurio, Cinco Paul|Patton Oswalt, Kevin Hart, Harrison Ford|Continuing the story of Max and his pet friends, following their secret lives after their owners leave them for work or school each day.|English|United States, France|11 nominations|https://m.media-amazon.com/images/M/MV5BMzdlMWQzZmItMDA5Ny00MGFjLTk0MDAtYjgzMmMyNTEwMzdhXkEyXkFqcGdeQXVyODQzNTE3ODc@._V1_SX300.jpg|[{'Source': 'Internet Movie Database', 'Value': '6.4/10'}, {'Source': 'Rotten Tomatoes', 'Value': '60%'}, {'Source': 'Metacritic', 'Value': '55/100'}]|55|6.4|64,938|6.4/10|60%|55/100|tt5113040|movie|13 Aug 2019|$158,874,395|N/A|N/A
District 9|2009|R|14 Aug 2009|112 min|Action, Sci-Fi, Thriller|Neill Blomkamp|Neill Blomkamp, Terri Tatchell|Sharlto Copley, David James, Jason Cope|Violence ensues after an extraterrestrial race forced to live in slum-like conditions on Earth finds a kindred spirit in a government agent exposed to their biotechnology.|English, Nyanja, Afrikaans, Zulu, Xhosa, Sotho|South Africa, United States, New Zealand, Canada|Nominated for 4 Oscars. 31 wins & 117 nominations total|https://m.media-amazon.com/images/M/MV5BYmQ5MzFjYWMtMTMwNC00ZGU5LWI3YTQtYzhkMGExNGFlY2Q0XkEyXkFqcGdeQXVyNTIzOTk5ODM@._V1_SX300.jpg|[{'Source': 'Internet Movie Database', 'Value': '7.9/10'}, {'Source': 'Rotten Tomatoes', 'Value': '90%'}, {'Source': 'Metacritic', 'Value': '81/100'}]|81|7.9|693,246|7.9/10|90%|81/100|tt1136608|movie|22 Dec 2009|$115,646,235|N/A|N/A
Apollo 13|1995|PG|30 Jun 1995|140 min|Adventure, Drama, History|Ron Howard|Jim Lovell, Jeffrey Kluger, William Broyles Jr.|Tom Hanks, Bill Paxton, Kevin Bacon|NASA must devise a strategy to return Apollo 13 to Earth safely after the spacecraft undergoes massive internal damage putting the lives of the three astronauts on board in jeopardy.|English|United States, United Kingdom, Canada, Japan|Won 2 Oscars. 29 wins & 59 nominations total|https://m.media-amazon.com/images/M/MV5BMjc4MzZlNmQtN2ZlOS00OGQzLWI5YjEtNDQ2YmZlN2FjNTIxXkEyXkFqcGdeQXVyMjUzOTY1NTc@._V1_SX300.jpg|[{'Source': 'Internet Movie Database', 'Value': '7.7/10'}, {'Source': 'Rotten Tomatoes', 'Value': '96%'}, {'Source': 'Metacritic', 'Value': '77/100'}]|77|7.7|302,005|7.7/10|96%|77/100|tt0112384|movie|04 Jan 2005|$173,837,933|N/A|N/A
Finding Nemo|2003|G|30 May 2003|100 min|Animation, Adventure, Comedy|Andrew Stanton, Lee Unkrich|Andrew Stanton, Bob Peterson, David Reynolds|Albert Brooks, Ellen DeGeneres, Alexander Gould|After his son is captured in the Great Barrier Reef and taken to Sydney, a timid clownfish sets out on a journey to bring him home.|English|United States, Japan|Won 1 Oscar. 49 wins & 63 nominations total|https://m.media-amazon.com/images/M/MV5BZjMxYzBiNjUtZDliNC00MDAyLTg3N2QtOWNjNmNhZGQzNDg5XkEyXkFqcGdeQXVyNjE2MjQwNjc@._V1_SX300.jpg|[{'Source': 'Internet Movie Database', 'Value': '8.2/10'}, {'Source': 'Rotten Tomatoes', 'Value': '99%'}, {'Source': 'Metacritic', 'Value': '90/100'}]|90|8.2|1,063,048|8.2/10|99%|90/100|tt0266543|movie|04 Nov 2003|$380,843,261|N/A|N/A
Tombstone|1993|R|25 Dec 1993|130 min|Biography, Drama, History|George P. Cosmatos, Kevin Jarre|Kevin Jarre|Kurt Russell, Val Kilmer, Sam Elliott|A successful lawman's plans to retire anonymously in Tombstone, Arizona are disrupted by the kind of outlaws he was famous for eliminating.|English, Latin, Spanish|United States|2 nominations|https://m.media-amazon.com/images/M/MV5BODRkYzA4MGItODE2MC00ZjkwLWI2NDEtYzU1NzFiZGU1YzA0XkEyXkFqcGdeQXVyNTAyODkwOQ@@._V1_SX300.jpg|[{'Source': 'Internet Movie Database', 'Value': '7.8/10'}, {'Source': 'Rotten Tomatoes', 'Value': '72%'}, {'Source': 'Metacritic', 'Value': '50/100'}]|50|7.8|155,317|7.8/10|72%|50/100|tt0108358|movie|01 Dec 1998|$56,505,065|N/A|N/A
Inception|2010|PG-13|16 Jul 2010|148 min|Action, Adventure, Sci-Fi|Christopher Nolan|Christopher Nolan|Leonardo DiCaprio, Joseph Gordon-Levitt, Elliot Page|A thief who steals corporate secrets through the use of dream-sharing technology is given the inverse task of planting an idea into the mind of a C.E.O., but his tragic past may doom the project and his team to disaster.|English, Japanese, French|United States, United Kingdom|Won 4 Oscars. 159 wins & 220 nominations total|https://m.media-amazon.com/images/M/MV5BMjAxMzY3NjcxNF5BMl5BanBnXkFtZTcwNTI5OTM0Mw@@._V1_SX300.jpg|[{'Source': 'Internet Movie Database', 'Value': '8.8/10'}, {'Source': 'Rotten Tomatoes', 'Value': '87%'}, {'Source': 'Metacritic', 'Value': '74/100'}]|74|8.8|2,403,698|8.8/10|87%|74/100|tt1375666|movie|07 Dec 2010|$292,587,330|N/A|N/A
Inside Out|2015|PG|19 Jun 2015|95 min|Animation, Adventure, Comedy|Pete Docter, Ronnie Del Carmen|Pete Docter, Ronnie Del Carmen, Meg LeFauve|Amy Poehler, Bill Hader, Lewis Black|After young Riley is uprooted from her Midwest life and moved to San Francisco, her emotions - Joy, Fear, Anger, Disgust and Sadness - conflict on how best to navigate a new city, house, and school.|English, Portuguese, Latvian|United States, Japan|Won 1 Oscar. 101 wins & 118 nominations total|https://m.media-amazon.com/images/M/MV5BOTgxMDQwMDk0OF5BMl5BanBnXkFtZTgwNjU5OTg2NDE@._V1_SX300.jpg|[{'Source': 'Internet Movie Database', 'Value': '8.1/10'}, {'Source': 'Rotten Tomatoes', 'Value': '98%'}, {'Source': 'Metacritic', 'Value': '94/100'}]|94|8.1|733,111|8.1/10|98%|94/100|tt2096673|movie|03 Nov 2015|$356,921,711|N/A|N/A
Memento|2000|R|25 May 2001|113 min|Mystery, Thriller|Christopher Nolan|Christopher Nolan, Jonathan Nolan|Guy Pearce, Carrie-Anne Moss, Joe Pantoliano|A man with short-term memory loss attempts to track down his wife's murderer.|English|United States|Nominated for 2 Oscars. 57 wins & 60 nominations total|https://m.media-amazon.com/images/M/MV5BZTcyNjk1MjgtOWI3Mi00YzQwLWI5MTktMzY4ZmI2NDAyNzYzXkEyXkFqcGdeQXVyNjU0OTQ0OTY@._V1_SX300.jpg|[{'Source': 'Internet Movie Database', 'Value': '8.4/10'}, {'Source': 'Rotten Tomatoes', 'Value': '93%'}, {'Source': 'Metacritic', 'Value': '81/100'}]|81|8.4|1,259,759|8.4/10|93%|81/100|tt0209144|movie|04 Sep 2001|$25,544,867|N/A|N/A
The Lord of the Rings: The Fellowship of the Ring|2001|PG-13|19 Dec 2001|178 min|Action, Adventure, Drama|Peter Jackson|J.R.R. Tolkien, Fran Walsh, Philippa Boyens|Elijah Wood, Ian McKellen, Orlando Bloom|A meek Hobbit from the Shire and eight companions set out on a journey to destroy the powerful One Ring and save Middle-earth from the Dark Lord Sauron.|English, Sindarin|New Zealand, United States|Won 4 Oscars. 123 wins & 127 nominations total|https://m.media-amazon.com/images/M/MV5BN2EyZjM3NzUtNWUzMi00MTgxLWI0NTctMzY4M2VlOTdjZWRiXkEyXkFqcGdeQXVyNDUzOTQ5MjY@._V1_SX300.jpg|[{'Source': 'Internet Movie Database', 'Value': '8.8/10'}, {'Source': 'Rotten Tomatoes', 'Value': '91%'}, {'Source': 'Metacritic', 'Value': '92/100'}]|92|8.8|1,909,902|8.8/10|91%|92/100|tt0120737|movie|06 Aug 2002|$316,115,420|N/A|N/A
The Lord of the Rings: The Two Towers|2002|PG-13|18 Dec 2002|179 min|Action, Adventure, Drama|Peter Jackson|J.R.R. Tolkien, Fran Walsh, Philippa Boyens|Elijah Wood, Ian McKellen, Viggo Mortensen|While Frodo and Sam edge closer to Mordor with the help of the shifty Gollum, the divided fellowship makes a stand against Sauron's new ally, Saruman, and his hordes of Isengard.|English, Sindarin, Old English|New Zealand, United States|Won 2 Oscars. 130 wins & 138 nominations total|https://m.media-amazon.com/images/M/MV5BZGMxZTdjZmYtMmE2Ni00ZTdkLWI5NTgtNjlmMjBiNzU2MmI5XkEyXkFqcGdeQXVyNjU0OTQ0OTY@._V1_SX300.jpg|[{'Source': 'Internet Movie Database', 'Value': '8.8/10'}, {'Source': 'Rotten Tomatoes', 'Value': '95%'}, {'Source': 'Metacritic', 'Value': '87/100'}]|87|8.8|1,698,412|8.8/10|95%|87/100|tt0167261|movie|26 Aug 2003|$342,952,511|N/A|N/A
The Lord of the Rings: The Return of the King|2003|PG-13|17 Dec 2003|201 min|Action, Adventure, Drama|Peter Jackson|J.R.R. Tolkien, Fran Walsh, Philippa Boyens|Elijah Wood, Viggo Mortensen, Ian McKellen|Gandalf and Aragorn lead the World of Men against Sauron's army to draw his gaze from Frodo and Sam as they approach Mount Doom with the One Ring.|English, Quenya, Old English, Sindarin|New Zealand, United States|Won 11 Oscars. 213 wins & 124 nominations total|https://m.media-amazon.com/images/M/MV5BNzA5ZDNlZWMtM2NhNS00NDJjLTk4NDItYTRmY2EwMWZlMTY3XkEyXkFqcGdeQXVyNzkwMjQ5NzM@._V1_SX300.jpg|[{'Source': 'Internet Movie Database', 'Value': '9.0/10'}, {'Source': 'Rotten Tomatoes', 'Value': '93%'}, {'Source': 'Metacritic', 'Value': '94/100'}]|94|9.0|1,880,828|9.0/10|93%|94/100|tt0167260|movie|25 May 2004|$379,427,292|N/A|N/A
Rachel Getting Married|2008|R|31 Oct 2008|113 min|Drama, Romance|Jonathan Demme|Jenny Lumet|Anne Hathaway, Rosemarie DeWitt, Debra Winger|A young woman who has been in and out of rehab for the past ten years, returns home for the weekend for her sister's wedding.|English|United States|Nominated for 1 Oscar. 32 wins & 65 nominations total|https://m.media-amazon.com/images/M/MV5BMTU4MTQ0MzQwOF5BMl5BanBnXkFtZTcwODY1NDI5MQ@@._V1_SX300.jpg|[{'Source': 'Internet Movie Database', 'Value': '6.7/10'}, {'Source': 'Rotten Tomatoes', 'Value': '84%'}, {'Source': 'Metacritic', 'Value': '84/100'}]|84|6.7|50,174|6.7/10|84%|84/100|tt1084950|movie|10 Mar 2009|$12,796,841|N/A|N/A
Transformers|2007|PG-13|03 Jul 2007|144 min|Action, Adventure, Sci-Fi|Michael Bay|Roberto Orci, Alex Kurtzman, John Rogers|Shia LaBeouf, Megan Fox, Josh Duhamel|An ancient struggle between two Cybertronian races, the heroic Autobots and the evil Decepticons, comes to Earth, with a clue to the ultimate power held by a teenager.|English, Spanish|United States|Nominated for 3 Oscars. 25 wins & 50 nominations total|https://m.media-amazon.com/images/M/MV5BNWI1NjkxM2MtOTU4My00YzQ5LTliNGMtNmFlM2U5NWM3MDY1XkEyXkFqcGdeQXVyNTUyMzE4Mzg@._V1_SX300.jpg|[{'Source': 'Internet Movie Database', 'Value': '7.0/10'}, {'Source': 'Rotten Tomatoes', 'Value': '58%'}, {'Source': 'Metacritic', 'Value': '61/100'}]|61|7.0|649,080|7.0/10|58%|61/100|tt0418279|movie|16 Oct 2007|$319,246,193|N/A|N/A
Transformers: Revenge of the Fallen|2009|PG-13|24 Jun 2009|149 min|Action, Adventure, Sci-Fi|Michael Bay|Ehren Kruger, Roberto Orci, Alex Kurtzman|Shia LaBeouf, Megan Fox, Josh Duhamel|Sam Witwicky leaves the Autobots behind for a normal life. But when his mind is filled with cryptic symbols, the Decepticons target him and he is dragged back into the Transformers' war.|English, Spanish|United States|Nominated for 1 Oscar. 15 wins & 31 nominations total|https://m.media-amazon.com/images/M/MV5BNjk4OTczOTk0NF5BMl5BanBnXkFtZTcwNjQ0NzMzMw@@._V1_SX300.jpg|[{'Source': 'Internet Movie Database', 'Value': '5.9/10'}, {'Source': 'Rotten Tomatoes', 'Value': '20%'}, {'Source': 'Metacritic', 'Value': '35/100'}]|35|5.9|413,765|5.9/10|20%|35/100|tt1055369|movie|20 Oct 2009|$402,111,870|N/A|N/A
Transformers: Dark of the Moon|2011|PG-13|29 Jun 2011|154 min|Action, Adventure, Sci-Fi|Michael Bay|Ehren Kruger|Shia LaBeouf, Rosie Huntington-Whiteley, Tyrese Gibson|The Autobots learn of a Cybertronian spacecraft hidden on the moon, and race against the Decepticons to reach it and to learn its secrets.|English, Russian|United States|Nominated for 3 Oscars. 11 wins & 42 nominations total|https://m.media-amazon.com/images/M/MV5BMTkwOTY0MTc1NV5BMl5BanBnXkFtZTcwMDQwNjA2NQ@@._V1_SX300.jpg|[{'Source': 'Internet Movie Database', 'Value': '6.2/10'}, {'Source': 'Rotten Tomatoes', 'Value': '35%'}, {'Source': 'Metacritic', 'Value': '42/100'}]|42|6.2|417,084|6.2/10|35%|42/100|tt1399103|movie|30 Sep 2011|$352,390,543|N/A|N/A
Transformers: Age of Extinction|2014|PG-13|27 Jun 2014|165 min|Action, Adventure, Sci-Fi|Michael Bay|Ehren Kruger|Mark Wahlberg, Nicola Peltz Beckham, Jack Reynor|When humanity allies with a bounty hunter in pursuit of Optimus Prime, the Autobots turn to a mechanic and his family for help.|English, Chinese|United States, China, Hong Kong|5 wins & 23 nominations|https://m.media-amazon.com/images/M/MV5BMjEwNTg1MTA5Nl5BMl5BanBnXkFtZTgwOTg2OTM4MTE@._V1_SX300.jpg|[{'Source': 'Internet Movie Database', 'Value': '5.6/10'}, {'Source': 'Rotten Tomatoes', 'Value': '17%'}, {'Source': 'Metacritic', 'Value': '32/100'}]|32|5.6|320,071|5.6/10|17%|32/100|tt2109248|movie|30 Sep 2014|$245,439,076|N/A|N/A
Transformers: The Last Knight|2017|PG-13|21 Jun 2017|154 min|Action, Adventure, Sci-Fi|Michael Bay|Art Marcum, Matt Holloway, Ken Nolan|Mark Wahlberg, Anthony Hopkins, Josh Duhamel|A deadly threat from Earth's history reappears and a hunt for a lost artifact takes place between Autobots and Decepticons, while Optimus Prime encounters his creator in space.|English|United States, China, Canada|3 wins & 20 nominations|https://m.media-amazon.com/images/M/MV5BN2YwOWM4ODgtZTMzMi00ZmFmLTk5NTEtNmY4ZDcwNzQxNDhjXkEyXkFqcGdeQXVyNTI0NzAyNjY@._V1_SX300.jpg|[{'Source': 'Internet Movie Database', 'Value': '5.2/10'}, {'Source': 'Rotten Tomatoes', 'Value': '16%'}, {'Source': 'Metacritic', 'Value': '27/100'}]|27|5.2|157,207|5.2/10|16%|27/100|tt3371366|movie|26 Sep 2017|$130,168,683|N/A|N/A
